City_ID,City,Country,Date,Lat,Lng,Max Temp,Humidity,Cloudiness,Wind Speed
0,East London,ZA,2020-06-27 04:51:35,-33.02,27.91,51.8,76,0,10.29
1,Vaini,TO,2020-06-27 04:51:35,-21.2,-175.2,77.0,88,40,6.93
2,Jamestown,US,2020-06-27 04:51:35,42.1,-79.24,64.0,77,1,5.82
3,Tiarei,PF,2020-06-27 04:51:35,-17.53,-149.33,77.0,73,20,17.22
4,Kodiak,US,2020-06-27 04:51:35,57.79,-152.41,59.0,38,40,18.34
5,Bengkulu,ID,2020-06-27 04:51:35,-3.8,102.27,86.88,59,90,6.2
6,Liuzhou,CN,2020-06-27 04:51:35,24.31,109.39,90.01,66,88,16.91
7,Cherskiy,RU,2020-06-27 04:51:35,68.75,161.3,41.67,61,1,19.55
8,Avera,US,2020-06-27 04:51:35,33.19,-82.53,75.2,73,1,4.7
9,Alice Springs,AU,2020-06-27 04:49:53,-23.7,133.88,62.6,29,0,5.82
10,General Pico,AR,2020-06-27 04:51:35,-35.66,-63.76,46.49,54,98,10.58
11,Caravelas,BR,2020-06-27 04:51:35,-17.71,-39.25,70.66,93,13,5.23
12,Chitaga,CO,2020-06-27 04:51:36,7.14,-72.66,49.12,89,71,3.89
13,Ucluelet,CA,2020-06-27 04:49:28,48.93,-125.55,55.99,90,94,1.99
14,Adrar,MR,2020-06-27 04:51:36,20.5,-10.07,92.98,13,0,7.47
15,Kaitangata,NZ,2020-06-27 04:51:36,-46.28,169.85,46.99,69,55,1.99
16,Brae,GB,2020-06-27 04:51:36,60.4,-1.35,59.0,93,64,24.16
17,Alasehir,TR,2020-06-27 04:51:36,38.35,28.52,77.0,10,0,58.0
18,Chokurdakh,RU,2020-06-27 04:51:36,70.63,147.92,64.81,30,7,10.45
19,Kiama,AU,2020-06-27 04:51:36,-34.68,150.87,62.01,58,22,1.01
20,Mae Sai,TH,2020-06-27 04:51:36,20.43,99.88,81.0,88,75,2.24
21,Puerto Ayora,EC,2020-06-27 04:51:36,-0.74,-90.35,70.0,92,84,8.68
22,Eureka,US,2020-06-27 04:51:36,40.8,-124.16,59.0,7,0,1.68
23,Longyearbyen,SJ,2020-06-27 04:51:36,78.22,15.64,41.0,80,75,17.22
24,Hilo,US,2020-06-27 04:51:36,19.73,-155.09,80.6,69,90,10.29
25,Port Hedland,AU,2020-06-27 04:51:36,-20.32,118.57,84.2,10,0,13.87
26,Mataura,NZ,2020-06-27 04:51:36,-46.19,168.86,39.0,83,69,3.0
27,Kapaa,US,2020-06-27 04:51:36,22.08,-159.32,80.6,69,20,12.75
28,Pingliang,CN,2020-06-27 04:51:36,35.54,106.69,67.8,68,92,9.86
29,Rikitea,PF,2020-06-27 04:51:37,-23.12,-134.97,74.41,76,98,15.86
30,Yinchuan,CN,2020-06-27 04:51:37,38.47,106.27,87.01,17,15,11.01
31,Sfantu Gheorghe,RO,2020-06-27 04:51:37,45.87,25.78,66.0,87,0,4.0
32,Mahebourg,MU,2020-06-27 04:51:37,-20.41,57.7,71.6,94,40,13.87
33,Ugoofaaru,MV,2020-06-27 04:51:37,5.67,73.0,82.87,73,98,10.31
34,Vao,NC,2020-06-27 04:51:37,-22.67,167.48,70.72,59,10,9.91
35,Cabinda,AO,2020-06-27 04:51:37,-5.55,12.2,73.53,78,81,4.63
36,Ust-Omchug,RU,2020-06-27 04:51:37,61.15,149.63,71.89,42,28,8.08
37,Kununurra,AU,2020-06-27 04:51:37,-15.77,128.73,84.2,20,0,8.05
38,Atuona,PF,2020-06-27 04:51:37,-9.8,-139.03,80.02,76,11,10.07
39,Auki,SB,2020-06-27 04:51:37,-8.77,160.7,85.53,67,91,6.06
40,Tasiilaq,GL,2020-06-27 04:51:37,65.61,-37.64,41.0,86,100,3.36
41,Kupang,ID,2020-06-27 04:51:37,-10.17,123.58,89.6,35,20,14.99
42,Quelimane,MZ,2020-06-27 04:51:37,-17.88,36.89,62.6,93,20,3.0
43,Atasu,KZ,2020-06-27 04:51:40,48.68,71.64,59.65,72,81,16.67
44,Ponta Do Sol,PT,2020-06-27 04:51:40,32.67,-17.1,69.8,68,40,11.41
45,Giyon,ET,2020-06-27 04:51:40,8.53,37.98,61.29,84,41,1.59
46,Nyurba,RU,2020-06-27 04:51:41,63.28,118.33,80.96,43,90,1.97
47,Barrow,US,2020-06-27 04:51:41,71.29,-156.79,37.4,93,1,5.82
48,Hermanus,ZA,2020-06-27 04:51:41,-34.42,19.23,54.0,86,39,17.0
49,Ushuaia,AR,2020-06-27 04:49:26,-54.8,-68.3,35.6,80,40,26.4
50,Milanowek,PL,2020-06-27 04:51:41,52.12,20.67,66.0,10,71,8.84
51,Alofi,NU,2020-06-27 04:51:41,-19.06,-169.92,77.0,73,89,12.75
52,Hay River,CA,2020-06-27 04:51:41,60.82,-115.8,55.4,76,75,5.82
53,Busselton,AU,2020-06-27 04:51:41,-33.65,115.33,66.0,62,54,19.8
54,Nome,US,2020-06-27 04:51:41,64.5,-165.41,44.6,93,90,20.8
55,Thompson,CA,2020-06-27 04:51:41,55.74,-97.86,59.0,100,75,3.38
56,Laguna,US,2020-06-27 04:51:41,38.42,-121.42,78.8,47,1,5.82
57,Bardiyah,LY,2020-06-27 04:51:41,31.76,25.09,73.36,77,0,10.38
58,Cabo San Lucas,MX,2020-06-27 04:48:29,22.89,-109.91,82.0,70,91,3.0
59,Geraldton,AU,2020-06-27 04:51:41,-28.77,114.6,71.6,60,75,13.87
60,Port Hardy,CA,2020-06-27 04:51:41,50.7,-127.42,55.4,87,75,8.05
61,Quatre Cocos,MU,2020-06-27 04:51:41,-20.21,57.76,72.0,94,40,13.87
62,Oistins,BB,2020-06-27 04:51:41,13.07,-59.53,82.4,78,40,23.04
63,Saint-Philippe,RE,2020-06-27 04:51:41,-21.36,55.77,73.0,64,32,5.82
64,Tommot,RU,2020-06-27 04:51:41,58.96,126.29,77.83,39,46,4.25
65,Ilulissat,GL,2020-06-27 04:51:42,69.22,-51.1,37.4,93,9,4.7
66,Carnarvon,AU,2020-06-27 04:51:42,-24.87,113.63,75.2,50,75,5.82
67,Airai,TL,2020-06-27 04:51:42,-8.93,125.41,72.09,64,76,4.36
68,Abrego,CO,2020-06-27 04:51:42,8.08,-73.22,62.35,82,58,6.13
69,Kruisfontein,ZA,2020-06-27 04:51:42,-34.0,24.73,47.64,62,0,11.34
70,Hasaki,JP,2020-06-27 04:51:42,35.73,140.83,86.0,74,75,6.93
71,Bambous Virieux,MU,2020-06-27 04:51:42,-20.34,57.76,72.0,94,40,13.87
72,Kitui,KE,2020-06-27 04:51:42,-1.37,38.01,64.96,83,68,4.65
73,Hithadhoo,MV,2020-06-27 04:51:42,-0.6,73.08,84.4,72,96,4.34
74,San Luis De La Paz,MX,2020-06-27 04:51:42,21.3,-100.52,66.0,100,90,5.44
75,Diffa,NE,2020-06-27 04:51:42,13.32,12.61,81.34,53,94,12.37
76,Odlabari,IN,2020-06-27 04:51:42,26.83,88.62,86.14,73,100,6.4
77,Riyadh,SA,2020-06-27 04:49:48,24.69,46.72,86.0,20,0,3.36
78,San Carlos De Bariloche,AR,2020-06-27 04:51:42,-41.15,-71.31,28.4,79,90,8.05
79,Marawi,PH,2020-06-27 04:51:42,8.0,124.29,84.0,78,100,8.01
80,Saint Anthony,US,2020-06-27 04:51:43,45.02,-93.22,75.2,53,1,4.7
81,Conakry,GN,2020-06-27 04:51:43,9.54,-13.68,79.68,80,49,2.66
82,Bluff,NZ,2020-06-27 04:51:43,-46.6,168.33,39.0,83,84,3.0
83,Wattegama,LK,2020-06-27 04:51:43,6.8,81.48,88.25,54,81,5.46
84,Punta Arenas,CL,2020-06-27 04:49:02,-53.15,-70.92,26.6,92,0,8.05
85,Yellowknife,CA,2020-06-27 04:48:05,62.46,-114.35,62.01,59,20,4.7
86,Provideniya,RU,2020-06-27 04:51:43,64.38,-173.3,40.96,74,100,22.01
87,Zhigansk,RU,2020-06-27 04:51:43,66.77,123.37,78.75,31,61,6.31
88,Lyubech,UA,2020-06-27 04:51:43,51.7,30.66,69.44,72,0,2.13
89,Goundam,ML,2020-06-27 04:51:43,16.41,-3.67,90.39,24,16,8.66
90,Lebu,CL,2020-06-27 04:51:43,-37.62,-73.65,49.35,92,32,12.28
91,Arandis,NA,2020-06-27 04:51:43,-22.42,14.97,50.0,93,0,0.65
92,Petropavlovsk-Kamchatskiy,RU,2020-06-27 04:51:43,53.05,158.65,78.8,47,20,15.66
93,Esperance,AU,2020-06-27 04:51:43,-33.87,121.9,69.8,49,0,14.99
94,Sangar,RU,2020-06-27 04:51:43,63.92,127.47,83.1,30,38,2.42
95,Aripuana,BR,2020-06-27 04:50:39,-9.17,-60.63,74.77,71,97,0.69
96,Devarkonda,IN,2020-06-27 04:51:43,16.7,78.93,90.77,50,84,4.83
97,Severo-Kurilsk,RU,2020-06-27 04:51:43,50.68,156.12,53.67,58,74,10.8
98,Albany,US,2020-06-27 04:51:05,42.6,-73.97,66.99,96,1,4.07
99,Upernavik,GL,2020-06-27 04:51:44,72.79,-56.15,36.64,88,99,5.23
100,Lethem,GY,2020-06-27 04:51:44,3.38,-59.8,75.27,86,83,6.53
101,Tiznit,MA,2020-06-27 04:51:44,29.58,-9.5,66.06,58,0,1.39
102,Waddan,LY,2020-06-27 04:51:44,29.16,16.14,69.51,61,0,6.64
103,Tiksi,RU,2020-06-27 04:51:44,71.69,128.87,63.25,51,78,8.01
104,Port Alfred,ZA,2020-06-27 04:51:44,-33.59,26.89,54.0,67,0,3.0
105,Norman Wells,CA,2020-06-27 04:51:44,65.28,-126.83,69.8,40,20,11.41
106,Ribeira Grande,PT,2020-06-27 04:51:44,38.52,-28.7,66.18,94,89,7.09
107,Sitka,US,2020-06-27 04:51:44,57.05,-135.33,51.8,100,90,6.93
108,Karauli,IN,2020-06-27 04:51:44,26.5,77.02,98.73,39,48,15.19
109,Ostrovnoy,RU,2020-06-27 04:51:44,68.05,39.51,46.9,87,96,17.0
110,Carupano,VE,2020-06-27 04:51:44,10.67,-63.26,77.05,87,35,9.22
111,Cidreira,BR,2020-06-27 04:51:45,-30.18,-50.21,50.95,62,100,4.54
112,Livingston,GB,2020-06-27 04:51:45,55.9,-3.52,55.99,100,40,1.12
113,New Norfolk,AU,2020-06-27 04:51:45,-42.78,147.06,54.0,84,91,1.72
114,Asosa,ET,2020-06-27 04:51:45,10.07,34.53,65.75,91,20,1.81
115,Ancud,CL,2020-06-27 04:51:45,-41.87,-73.82,45.0,80,90,3.36
116,Knysna,ZA,2020-06-27 04:51:45,-34.04,23.05,57.2,44,0,25.28
117,Saint George,US,2020-06-27 04:51:45,37.1,-113.58,93.2,14,1,6.93
118,Salalah,OM,2020-06-27 04:51:45,17.02,54.09,82.83,85,89,7.54
119,San Patricio,MX,2020-06-27 04:48:12,19.22,-104.7,76.42,87,100,3.33
120,Avarua,CK,2020-06-27 04:51:45,-21.21,-159.78,71.6,73,10,5.82
121,Narsaq,GL,2020-06-27 04:51:45,60.92,-46.05,46.4,81,82,3.36
122,Constitucion,CL,2020-06-27 04:48:04,-35.33,-72.42,50.83,81,97,10.63
123,Qaanaaq,GL,2020-06-27 04:51:45,77.48,-69.36,37.6,78,4,4.76
124,Pevek,RU,2020-06-27 04:51:45,69.7,170.31,31.1,98,67,18.9
125,Berbera,SO,2020-06-27 04:51:45,10.44,45.01,93.29,41,40,25.41
126,Oktyabrskiy,RU,2020-06-27 04:51:45,54.48,53.47,55.2,86,96,7.0
127,Belle Fourche,US,2020-06-27 04:51:46,44.67,-103.85,71.01,58,0,10.27
128,College,US,2020-06-27 04:51:46,64.86,-147.8,64.4,55,75,6.93
129,Broome,US,2020-06-27 04:51:46,42.25,-75.83,60.01,100,35,2.89
130,Noshiro,JP,2020-06-27 04:51:46,40.2,140.02,69.8,94,75,10.29
131,Turka,UA,2020-06-27 04:51:46,49.15,23.03,66.99,85,54,7.23
132,Arraial Do Cabo,BR,2020-06-27 04:51:46,-22.97,-42.03,70.03,90,41,6.22
133,Dikson,RU,2020-06-27 04:51:46,73.51,80.55,37.13,85,98,27.22
134,Payo,ID,2020-06-27 04:51:46,-3.75,103.64,87.21,60,92,4.5
135,Virden,US,2020-06-27 04:51:46,39.5,-89.77,80.6,78,1,8.05
136,Patan,NP,2020-06-27 04:51:46,27.67,85.33,80.6,74,40,3.36
137,Kurchum,KZ,2020-06-27 04:51:46,48.57,83.65,84.52,21,92,8.63
138,Mangochi,MW,2020-06-27 04:51:46,-14.48,35.26,65.32,69,18,3.8
139,Mountain Home,US,2020-06-27 04:47:25,43.13,-115.69,84.2,23,1,9.17
140,Zaraysk,RU,2020-06-27 04:51:46,54.77,38.88,69.01,70,0,3.0
141,Cape Town,ZA,2020-06-27 04:48:07,-33.93,18.42,60.01,87,75,26.4
142,Klaksvik,FO,2020-06-27 04:51:46,62.23,-6.59,53.6,93,95,14.99
143,Kabalo,CD,2020-06-27 04:51:46,-6.05,26.92,70.5,63,58,0.4
144,Robertson,US,2020-06-27 04:51:47,36.52,-86.87,73.4,94,75,9.17
145,Douentza,ML,2020-06-27 04:51:47,15.0,-2.95,90.09,31,16,9.48
146,Port Elizabeth,ZA,2020-06-27 04:50:18,-33.92,25.57,50.0,66,0,8.05
147,Saskylakh,RU,2020-06-27 04:51:47,71.92,114.08,80.28,32,51,7.31
148,Kinsale,IE,2020-06-27 04:51:47,51.71,-8.53,55.99,100,75,6.93
149,Solnechnyy,RU,2020-06-27 04:51:47,50.72,136.63,72.95,42,87,6.91
150,Gimli,CA,2020-06-27 04:51:47,50.63,-96.99,66.99,80,35,3.0
151,Kalmunai,LK,2020-06-27 04:51:47,7.42,81.82,85.71,60,61,3.04
152,Karratha,AU,2020-06-27 04:51:47,-20.74,116.85,80.02,19,0,15.7
153,Rawson,AR,2020-06-27 04:51:47,-43.3,-65.1,36.82,82,38,12.17
154,Hobart,AU,2020-06-27 04:49:47,-42.88,147.33,54.0,62,40,8.05
155,Guerrero Negro,MX,2020-06-27 04:51:47,27.98,-114.06,64.45,88,0,12.71
156,Ballina,AU,2020-06-27 04:51:47,-28.87,153.57,62.6,82,75,12.75
157,Keetmanshoop,NA,2020-06-27 04:51:47,-26.58,18.13,42.8,71,0,8.05
158,Cape Canaveral,US,2020-06-27 04:46:57,28.41,-80.6,82.99,88,1,4.7
159,Kalanguy,RU,2020-06-27 04:51:48,51.02,116.52,74.71,42,56,3.44
160,Jiuquan,CN,2020-06-27 04:51:48,39.74,98.52,77.36,27,61,17.58
161,Kapuskasing,CA,2020-06-27 04:51:48,49.42,-82.43,62.6,100,90,8.05
162,Faya,SA,2020-06-27 04:51:48,18.39,42.45,75.2,27,44,4.7
163,Manavalakurichi,IN,2020-06-27 04:51:48,8.13,77.3,80.6,88,75,11.41
164,Castro,BR,2020-06-27 04:51:48,-24.79,-50.01,51.66,97,100,8.3
165,Bredasdorp,ZA,2020-06-27 04:51:48,-34.53,20.04,55.4,62,14,16.11
166,Portland,US,2020-06-27 04:49:02,45.52,-122.68,75.0,65,73,6.69
167,Banda Aceh,ID,2020-06-27 04:51:48,5.56,95.32,85.42,65,48,5.03
168,Yarmouth,US,2020-06-27 04:51:48,41.71,-70.23,71.6,78,1,8.05
169,Whitefish,US,2020-06-27 04:51:48,48.41,-114.34,71.6,53,1,3.36
170,Namibe,AO,2020-06-27 04:51:48,-15.2,12.15,63.81,74,0,3.78
171,Shakawe,BW,2020-06-27 04:51:48,-18.37,21.85,47.1,54,0,3.0
172,Kjopsvik,NO,2020-06-27 04:51:49,68.1,16.37,54.0,76,77,14.99
173,Tonstad,NO,2020-06-27 04:51:49,58.66,6.72,70.0,75,2,4.0
174,Itaituba,BR,2020-06-27 04:51:49,-4.28,-55.98,75.02,80,55,1.36
175,Formosa,AR,2020-06-27 04:51:49,-26.18,-58.18,46.4,87,93,5.82
176,Khatanga,RU,2020-06-27 04:51:49,71.97,102.5,66.88,51,64,6.58
177,Cockburn Town,TC,2020-06-27 04:51:49,21.46,-71.14,82.45,82,30,19.51
178,Gurupi,BR,2020-06-27 04:51:49,-11.73,-49.07,75.58,55,33,3.11
179,Hays,US,2020-06-27 04:51:49,30.05,-98.03,75.99,84,49,1.01
180,Narrabri,AU,2020-06-27 04:51:49,-30.32,149.78,64.4,45,75,3.36
181,Nettuno,IT,2020-06-27 04:51:49,41.48,12.68,68.0,76,0,1.99
182,Lakes Entrance,AU,2020-06-27 04:51:49,-37.88,147.98,55.0,59,12,3.0
183,Sinazongwe,ZM,2020-06-27 04:51:49,-17.26,27.46,61.32,80,4,4.12
184,Kharan,PK,2020-06-27 04:51:49,28.58,65.42,93.72,26,0,7.94
185,Magistralnyy,RU,2020-06-27 04:51:49,56.17,107.45,85.41,29,4,4.45
186,Homer,US,2020-06-27 04:51:50,59.64,-151.55,52.0,76,20,14.99
187,Butaritari,KI,2020-06-27 04:51:50,3.07,172.79,83.41,75,82,11.14
188,Socorro,US,2020-06-27 04:51:50,31.65,-106.3,82.99,30,75,8.05
189,Baruun-Urt,MN,2020-06-27 04:51:50,46.68,113.28,77.16,35,0,5.19
190,Teguldet,RU,2020-06-27 04:51:50,57.31,88.17,81.07,44,0,8.61
191,Qui Nhon,VN,2020-06-27 04:51:50,13.77,109.23,88.34,63,63,12.8
192,Mar Del Plata,AR,2020-06-27 04:47:06,-38.0,-57.56,44.01,93,85,3.36
193,Lokosovo,RU,2020-06-27 04:51:50,61.13,74.82,53.78,76,84,3.18
194,Middelburg,ZA,2020-06-27 04:51:50,-25.78,29.46,42.19,69,0,7.47
195,Aksarka,RU,2020-06-27 04:51:50,66.56,67.8,49.3,81,100,6.06
196,Tuktoyaktuk,CA,2020-06-27 04:51:50,69.45,-133.04,35.6,93,90,17.22
197,Lagos,NG,2020-06-27 04:51:09,6.58,3.75,73.4,100,40,4.7
198,Sao Jose Da Coroa Grande,BR,2020-06-27 04:51:51,-8.9,-35.15,74.59,82,96,8.59
199,Manakara,MG,2020-06-27 04:51:51,-22.13,48.02,67.05,92,7,2.77
200,Colares,PT,2020-06-27 04:51:51,38.8,-9.45,68.0,96,46,5.68
201,Coquimbo,CL,2020-06-27 04:51:51,-29.95,-71.34,50.0,93,2,9.17
202,Sao Felix Do Xingu,BR,2020-06-27 04:51:51,-6.64,-51.99,68.47,86,11,1.07
203,Salinas,US,2020-06-27 04:51:51,36.68,-121.66,62.6,77,90,10.29
204,Cehal,RO,2020-06-27 04:51:51,47.38,22.6,68.0,88,88,3.36
205,Menongue,AO,2020-06-27 04:51:51,-14.66,17.69,43.29,63,0,3.13
206,Kahului,US,2020-06-27 04:51:51,20.89,-156.47,84.2,54,40,19.46
207,Gumdag,TM,2020-06-27 04:51:51,39.21,54.59,83.57,15,2,14.14
208,Lamu,KE,2020-06-27 04:51:51,-2.27,40.9,78.31,82,26,15.82
209,Chapada Dos Guimaraes,BR,2020-06-27 04:50:06,-15.46,-55.75,69.8,88,75,6.93
210,Kibuye,RW,2020-06-27 04:51:52,-2.06,29.35,65.59,71,87,2.77
211,Poum,NC,2020-06-27 04:51:52,-20.23,164.02,71.49,63,3,9.95
212,Dingle,PH,2020-06-27 04:51:52,11.0,122.67,90.01,60,94,3.49
213,Mangrol,IN,2020-06-27 04:51:52,21.12,70.12,88.16,67,59,11.5
214,Half Moon Bay,US,2020-06-27 04:48:10,37.46,-122.43,66.2,72,1,6.93
215,Inverness,GB,2020-06-27 04:51:52,57.48,-4.22,57.2,100,90,1.12
216,Kavaratti,IN,2020-06-27 04:51:52,10.57,72.64,82.4,78,75,9.17
217,Makakilo City,US,2020-06-27 04:51:52,21.35,-158.09,84.2,54,1,8.05
218,Manaus,BR,2020-06-27 04:50:42,-3.1,-60.02,80.6,88,40,3.36
219,Codajas,BR,2020-06-27 04:51:52,-3.84,-62.06,75.13,83,16,2.01
220,Ilek,RU,2020-06-27 04:51:52,51.53,53.38,62.24,66,59,7.85
221,Nhulunbuy,AU,2020-06-27 04:51:52,-12.23,136.77,80.6,74,90,13.87
222,Sokolow Podlaski,PL,2020-06-27 04:51:53,52.41,22.25,71.01,66,11,12.75
223,Kurilsk,RU,2020-06-27 04:51:53,45.23,147.88,50.34,89,100,11.52
224,Bremervorde,DE,2020-06-27 04:51:53,53.48,9.13,69.01,84,3,6.58
225,Neuquen,AR,2020-06-27 04:51:53,-38.95,-68.06,32.0,93,90,3.36
226,Lasa,IT,2020-06-27 04:51:53,46.62,10.7,55.0,100,5,3.36
227,Lorengau,PG,2020-06-27 04:51:53,-2.02,147.27,85.48,71,100,10.04
228,Burnie,AU,2020-06-27 04:51:53,-41.07,145.92,54.0,57,44,5.01
229,Saldanha,ZA,2020-06-27 04:51:53,-33.01,17.94,59.0,67,75,18.34
230,Hermitage,US,2020-06-27 04:51:53,41.23,-80.45,72.0,73,75,9.17
231,Biak,ID,2020-06-27 04:51:53,-0.91,122.88,77.95,84,100,5.79
232,Hamilton,US,2020-06-27 04:48:49,39.18,-84.53,78.8,61,1,10.29
233,Veraval,IN,2020-06-27 04:51:54,20.9,70.37,88.34,66,57,11.07
234,Bethel,US,2020-06-27 04:51:54,41.37,-73.41,64.99,77,1,3.36
235,Camacha,PT,2020-06-27 04:51:54,33.08,-16.33,68.0,88,40,5.82
236,Tessalit,ML,2020-06-27 04:51:54,20.2,1.01,87.69,12,0,7.2
237,Tutoia,BR,2020-06-27 04:51:54,-2.76,-42.27,75.85,84,56,7.18
238,Lavrentiya,RU,2020-06-27 04:51:54,65.58,-171.0,42.39,72,84,28.36
239,Murray Bridge,AU,2020-06-27 04:51:54,-35.12,139.27,62.01,53,0,4.56
240,Vila,PT,2020-06-27 04:51:54,42.03,-8.16,60.01,95,95,4.54
241,Nicoya,CR,2020-06-27 04:51:54,10.15,-85.45,75.11,87,97,2.95
242,Nazca,PE,2020-06-27 04:51:54,-14.83,-74.95,59.58,65,0,2.3
243,Gat,IL,2020-06-27 04:51:54,31.61,34.76,75.0,43,0,1.99
244,Port-Gentil,GA,2020-06-27 04:51:55,-0.72,8.78,73.26,83,29,11.27
245,Orlik,RU,2020-06-27 04:51:55,52.52,99.83,70.75,45,91,1.34
246,Tyukalinsk,RU,2020-06-27 04:51:55,55.87,72.2,55.94,74,98,17.0
247,Luderitz,NA,2020-06-27 04:51:55,-26.65,15.16,51.8,71,0,12.75
248,Henties Bay,NA,2020-06-27 04:51:55,-22.12,14.28,50.0,93,0,11.99
249,Huilong,CN,2020-06-27 04:51:55,31.81,121.66,78.01,99,100,1.92
250,Eyl,SO,2020-06-27 04:51:55,7.98,49.82,85.48,55,86,32.39
251,Muisne,EC,2020-06-27 04:51:55,0.6,-80.03,74.77,88,99,9.35
252,Bereda,ES,2020-06-27 04:51:55,43.27,-7.54,63.0,94,99,8.99
253,Muroto,JP,2020-06-27 04:51:55,33.28,134.15,75.2,94,75,5.82
254,Qobustan,AZ,2020-06-27 04:51:56,40.08,49.41,71.6,49,91,20.8
255,Vila Velha,BR,2020-06-27 04:51:56,-20.33,-40.29,66.0,93,40,3.36
256,Chimbote,PE,2020-06-27 04:51:56,-9.09,-78.58,62.11,87,66,7.45
257,Hellvik,NO,2020-06-27 04:51:56,59.92,5.78,71.01,74,0,3.29
258,Tungor,RU,2020-06-27 04:51:56,53.38,142.96,53.83,81,96,7.2
259,Marzuq,YE,2020-06-27 04:51:56,14.4,46.47,90.07,19,84,4.21
260,Codrington,AU,2020-06-27 04:51:56,-38.27,141.97,54.45,65,92,7.29
261,Pauini,BR,2020-06-27 04:51:56,-7.71,-66.98,75.49,78,95,1.25
262,Bundaberg,AU,2020-06-27 04:51:56,-24.85,152.35,71.6,53,75,18.34
263,Yerbogachen,RU,2020-06-27 04:51:56,61.28,108.01,78.08,38,29,4.74
264,Georgetown,MY,2020-06-27 04:51:00,5.41,100.34,87.8,66,20,8.05
265,Srednekolymsk,RU,2020-06-27 04:51:57,67.45,153.68,64.99,31,7,12.91
266,Farah,AF,2020-06-27 04:51:57,32.5,62.5,91.76,11,0,9.06
267,Chuy,UY,2020-06-27 04:51:03,-33.7,-53.46,44.29,74,100,5.53
268,Calabozo,VE,2020-06-27 04:51:57,8.92,-67.43,72.55,93,89,4.74
269,Arman,RU,2020-06-27 04:51:57,59.7,150.17,59.0,56,0,11.23
270,Torbay,CA,2020-06-27 04:51:57,47.67,-52.73,61.0,82,75,11.41
271,Galveston,US,2020-06-27 04:51:57,29.37,-94.97,84.0,88,90,11.41
272,Papagaios,BR,2020-06-27 04:51:57,-19.45,-44.75,59.59,88,20,4.56
273,Sao Gabriel Da Cachoeira,BR,2020-06-27 04:51:57,-0.13,-67.09,72.5,97,63,1.52
274,Richards Bay,ZA,2020-06-27 04:51:58,-28.78,32.04,64.2,78,7,12.39
275,Morro Bay,US,2020-06-27 04:51:58,35.37,-120.85,60.01,95,16,2.3
276,Myitkyina,MM,2020-06-27 04:51:58,25.38,97.4,75.78,96,100,1.05
277,Xichang,CN,2020-06-27 04:51:58,27.9,102.26,80.87,62,86,6.6
278,Flinders,AU,2020-06-27 04:51:58,-34.58,150.86,62.01,59,31,3.0
279,San Andres,CO,2020-06-27 04:50:09,12.58,-81.7,84.2,79,75,16.11
280,Khorinsk,RU,2020-06-27 04:51:58,52.17,109.77,84.43,25,38,1.92
281,Kieta,PG,2020-06-27 04:51:58,-6.22,155.63,78.75,85,95,7.4
282,Dehloran,IR,2020-06-27 04:51:58,32.69,47.27,101.35,8,0,2.19
283,Rubtsovsk,RU,2020-06-27 04:51:58,51.5,81.25,83.79,32,49,19.46
284,Grindavik,IS,2020-06-27 04:51:59,63.84,-22.43,48.2,100,75,8.05
285,Stryn,NO,2020-06-27 04:51:59,61.9,6.72,64.4,77,0,13.87
286,Ipameri,BR,2020-06-27 04:51:05,-17.72,-48.16,62.22,68,26,5.35
287,Sjovegan,NO,2020-06-27 04:51:59,68.87,17.85,48.2,76,40,10.29
288,Nsoko,SZ,2020-06-27 04:51:59,-27.03,31.95,44.6,100,0,1.12
289,Xuanhua,CN,2020-06-27 04:51:59,40.61,115.04,87.85,21,0,4.12
290,Luxor,EG,2020-06-27 04:51:59,25.7,32.64,82.09,28,0,5.28
291,Pierre,US,2020-06-27 04:51:11,44.37,-100.35,70.0,72,1,9.42
292,Mikhaylovka,RU,2020-06-27 04:51:59,50.06,43.24,70.0,53,0,1.01
293,Saint-Joseph,RE,2020-06-27 04:51:59,-21.37,55.62,73.0,64,12,5.82
294,Naron,ES,2020-06-27 04:52:00,43.52,-8.15,66.99,79,99,11.01
295,Borovoy,RU,2020-06-27 04:52:00,55.43,86.08,77.0,53,0,8.95
296,Bilma,NE,2020-06-27 04:52:00,18.69,12.92,80.51,17,100,4.79
297,Porto Walter,BR,2020-06-27 04:52:00,-8.27,-72.74,72.34,91,71,1.41
298,Bayji,IQ,2020-06-27 04:52:00,34.93,43.49,96.93,18,0,12.57
299,Porbandar,IN,2020-06-27 04:52:00,21.64,69.61,89.6,70,40,9.17
300,Kenai,US,2020-06-27 04:52:00,60.55,-151.26,57.2,67,1,13.87
301,Fort Nelson,CA,2020-06-27 04:52:00,58.81,-122.7,64.4,59,75,4.7
302,Birjand,IR,2020-06-27 04:52:00,32.87,59.22,78.8,27,0,18.34
303,Los Llanos De Aridane,ES,2020-06-27 04:52:00,28.66,-17.92,71.6,64,75,16.11
304,Sao Joao Da Barra,BR,2020-06-27 04:52:00,-21.64,-41.05,68.09,94,10,5.19
305,Namatanai,PG,2020-06-27 04:52:00,-3.67,152.43,77.43,90,91,14.47
306,Ada,US,2020-06-27 04:52:00,43.42,-116.13,84.2,25,1,4.7
307,Outjo,NA,2020-06-27 04:52:01,-20.12,16.15,43.75,56,0,5.39
308,Saposoa,PE,2020-06-27 04:52:01,-6.93,-76.77,68.77,91,33,2.37
309,Svetlogorsk,BY,2020-06-27 04:52:01,52.63,29.73,68.88,76,0,5.01
310,Okitipupa,NG,2020-06-27 04:52:01,6.5,4.78,74.32,95,100,3.38
311,Skofja Loka,SI,2020-06-27 04:52:01,46.17,14.31,64.99,93,20,4.7
312,Fortuna,US,2020-06-27 04:52:01,40.6,-124.16,57.99,76,1,1.14
313,Haskovo,BG,2020-06-27 04:52:01,41.94,25.57,64.4,77,0,4.09
314,Honningsvag,NO,2020-06-27 04:52:01,70.98,25.97,44.38,88,100,18.03
315,Arkhara,RU,2020-06-27 04:52:01,49.42,130.08,72.82,74,75,2.28
316,Leh,IN,2020-06-27 04:52:01,34.17,77.58,60.1,32,0,6.33
317,Necochea,AR,2020-06-27 04:49:28,-38.55,-58.74,42.01,94,87,5.01
318,Sistranda,NO,2020-06-27 04:52:02,63.73,8.83,62.6,82,0,5.82
319,Ngunguru,NZ,2020-06-27 04:52:02,-35.62,174.5,61.0,92,8,3.0
320,Tautira,PF,2020-06-27 04:52:02,-17.73,-149.15,77.0,73,20,17.22
321,Jucas,BR,2020-06-27 04:52:02,-6.53,-39.53,71.42,61,26,4.83
322,Mumford,GH,2020-06-27 04:52:02,5.26,-0.76,76.1,89,93,9.04
323,Vardo,NO,2020-06-27 04:52:02,70.37,31.11,45.46,90,100,22.62
324,Margate,GB,2020-06-27 04:52:02,51.38,1.39,62.01,92,30,4.0
325,Mount Isa,AU,2020-06-27 04:52:02,-20.73,139.5,77.0,17,0,9.17
326,San Cristobal,VE,2020-06-27 04:52:02,7.77,-72.22,64.94,87,33,3.33
327,Shyryayeve,UA,2020-06-27 04:52:02,47.38,30.2,72.27,63,9,4.45
328,Tari,NG,2020-06-27 04:52:02,12.41,4.49,81.19,71,80,10.71
329,Kropotkin,RU,2020-06-27 04:52:02,45.44,40.58,68.99,53,0,12.5
330,Nowy Dwor Gdanski,PL,2020-06-27 04:52:03,54.21,19.12,72.0,82,0,8.05
331,Uthal,PK,2020-06-27 04:52:03,25.81,66.62,93.27,48,10,7.63
332,Maniitsoq,GL,2020-06-27 04:52:03,65.42,-52.9,39.72,91,22,3.69
333,Kavieng,PG,2020-06-27 04:52:03,-2.57,150.8,84.4,67,95,5.64
334,Atchison,US,2020-06-27 04:52:03,39.56,-95.12,77.0,82,100,16.04
335,Berlevag,NO,2020-06-27 04:52:03,70.86,29.09,44.4,91,100,19.6
336,Beringovskiy,RU,2020-06-27 04:52:03,63.05,179.32,46.11,55,79,17.96
337,Lubao,PH,2020-06-27 04:52:03,14.92,120.55,91.4,62,75,6.93
338,Adelaide,AU,2020-06-27 04:47:57,-34.93,138.6,63.0,41,20,10.29
339,Hofn,IS,2020-06-27 04:52:03,64.25,-15.21,51.24,80,100,1.41
340,Acari,PE,2020-06-27 04:52:03,-15.43,-74.62,61.54,63,42,3.4
341,Lompoc,US,2020-06-27 04:50:25,34.64,-120.46,60.01,87,4,6.93
342,Chazuta,PE,2020-06-27 04:52:03,-6.57,-76.14,72.25,89,15,1.28
343,Ambilobe,MG,2020-06-27 04:52:03,-13.2,49.05,74.37,65,0,3.67
344,Faanui,PF,2020-06-27 04:52:04,-16.48,-151.75,77.32,81,50,17.69
345,Chesham,GB,2020-06-27 04:52:04,51.7,-0.6,62.01,93,63,12.39
346,Dongsheng,CN,2020-06-27 04:52:04,39.82,109.98,81.72,19,0,7.27
347,Aksay,RU,2020-06-27 04:52:04,47.26,39.87,69.8,52,5,6.71
348,Remanso,BR,2020-06-27 04:52:04,-9.62,-42.08,73.8,72,15,12.41
349,Souillac,MU,2020-06-27 04:52:04,-20.52,57.52,71.6,94,40,13.87
350,Sobolevo,RU,2020-06-27 04:52:04,54.43,31.9,69.48,80,2,4.76
351,Whitehorse,CA,2020-06-27 04:49:12,60.72,-135.05,59.0,44,75,9.17
352,Oloron-Sainte-Marie,FR,2020-06-27 04:52:04,43.19,-0.61,64.4,88,75,3.36
353,Ishigaki,JP,2020-06-27 04:52:04,24.34,124.16,91.4,70,75,18.34
354,Carballo,ES,2020-06-27 04:52:04,43.21,-8.69,64.4,82,75,12.75
355,Nikolskoye,RU,2020-06-27 04:52:04,59.7,30.79,72.0,60,0,13.42
356,Port Blair,IN,2020-06-27 04:52:04,11.67,92.75,84.9,74,100,8.57
357,Tres Lagoas,BR,2020-06-27 04:52:05,-20.75,-51.68,66.76,98,58,5.41
358,Naze,JP,2020-06-27 04:52:05,28.37,129.48,84.2,79,40,16.11
359,Aksu,CN,2020-06-27 04:52:05,41.12,80.26,84.25,19,100,2.95
360,Aswan,EG,2020-06-27 04:52:05,24.09,32.91,85.93,23,0,7.29
361,Monte Alegre,BR,2020-06-27 04:52:05,-2.01,-54.07,72.91,94,5,4.0
362,Nuuk,GL,2020-06-27 04:52:05,64.18,-51.72,35.6,93,32,10.29
363,Tanabe,JP,2020-06-27 04:52:05,33.73,135.37,78.8,83,75,5.82
364,Dunedin,NZ,2020-06-27 04:52:05,-45.87,170.5,50.0,88,66,1.99
365,Torzhok,RU,2020-06-27 04:52:05,57.04,34.96,71.78,64,0,6.89
366,San Quintin,MX,2020-06-27 04:52:05,30.48,-115.95,63.0,89,0,9.01
367,Port Keats,AU,2020-06-27 04:52:05,-14.25,129.55,89.42,29,40,7.29
368,Talnakh,RU,2020-06-27 04:52:05,69.49,88.4,69.8,52,75,20.13
369,Iquitos,PE,2020-06-27 04:52:05,-3.75,-73.25,72.28,97,94,1.45
370,Nara,JP,2020-06-27 04:52:06,34.69,135.8,88.0,54,75,3.36
371,Pisco,PE,2020-06-27 04:52:06,-13.7,-76.22,60.8,87,90,2.24
372,Aurora,US,2020-06-27 04:51:59,39.73,-104.83,64.0,72,75,17.22
373,Tapejara,BR,2020-06-27 04:52:06,-28.07,-52.01,43.18,80,100,7.81
374,Cap-Aux-Meules,CA,2020-06-27 04:48:07,47.38,-61.86,63.23,70,55,10.31
375,Ust-Tsilma,RU,2020-06-27 04:52:06,65.44,52.15,47.32,91,100,4.68
376,Daru,PG,2020-06-27 04:52:06,-9.08,143.21,79.99,81,83,19.8
377,Ankara,TR,2020-06-27 04:50:32,39.92,32.85,62.6,67,0,2.24
378,Bathsheba,BB,2020-06-27 04:52:06,13.22,-59.52,82.4,78,40,23.04
379,Dukat,RU,2020-06-27 04:52:06,62.55,155.55,70.57,41,96,5.46
380,Adre,TD,2020-06-27 04:52:06,13.47,22.2,77.31,54,48,7.56
381,Saurimo,AO,2020-06-27 04:52:06,-9.66,20.39,52.77,63,52,1.77
382,Kodinsk,RU,2020-06-27 04:52:06,58.69,99.18,84.33,32,94,6.71
383,Marienburg,PL,2020-06-27 04:52:06,54.04,19.03,66.2,82,1,8.05
384,Tilichiki,RU,2020-06-27 04:52:07,60.47,166.1,61.36,57,100,14.41
385,Nabire,ID,2020-06-27 04:52:07,-3.37,135.48,85.55,66,95,4.68
386,Gayny,RU,2020-06-27 04:52:07,60.31,54.32,52.18,92,99,7.7
387,Tawau,MY,2020-06-27 04:52:07,4.25,117.89,82.4,83,20,3.36
388,Leningradskiy,RU,2020-06-27 04:52:07,69.38,178.42,30.85,98,100,24.72
389,Mutoko,ZW,2020-06-27 04:52:07,-17.4,32.23,51.96,82,2,3.15
390,Noyabrsk,RU,2020-06-27 04:52:07,63.2,75.45,54.5,75,100,13.18
391,Borujerd,IR,2020-06-27 04:52:07,33.9,48.75,75.2,22,0,5.59
392,Le Vauclin,MQ,2020-06-27 04:52:07,14.55,-60.84,82.4,78,75,16.11
393,Esmeraldas,BR,2020-06-27 04:52:07,-19.76,-44.31,62.6,77,2,3.36
394,Obidos,BR,2020-06-27 04:52:07,-1.92,-55.52,73.94,91,3,3.76
395,Rawlins,US,2020-06-27 04:47:41,41.79,-107.24,68.0,32,90,19.46
396,Goderich,CA,2020-06-27 04:52:07,43.75,-81.72,70.0,82,100,16.08
397,Wajima,JP,2020-06-27 04:52:08,37.4,136.9,73.4,78,75,18.34
398,San Fernando,PH,2020-06-27 04:52:08,15.03,120.69,89.6,62,75,6.93
399,Vasai,IN,2020-06-27 04:50:38,19.47,72.8,87.8,74,75,11.41
400,Kizukuri,JP,2020-06-27 04:52:08,40.81,140.39,66.99,93,90,3.36
401,Duxbury,US,2020-06-27 04:51:59,42.04,-70.67,68.0,94,1,7.16
402,Paamiut,GL,2020-06-27 04:52:08,61.99,-49.67,38.12,93,70,5.17
403,Bantou,CN,2020-06-27 04:52:08,26.22,117.49,97.38,40,80,6.33
404,Dickinson,US,2020-06-27 04:47:29,29.46,-95.05,82.4,88,90,3.36
405,Morwell,AU,2020-06-27 04:52:08,-38.23,146.4,55.0,62,27,0.81
406,Sur,OM,2020-06-27 04:52:08,22.57,59.53,93.2,51,20,6.73
407,Ratnagiri,IN,2020-06-27 04:52:08,16.98,73.3,85.17,75,100,5.82
408,Takoradi,GH,2020-06-27 04:52:09,4.88,-1.76,75.88,90,94,8.81
409,Taoudenni,ML,2020-06-27 04:52:09,22.68,-3.98,90.1,12,0,8.1
410,Baghdad,IQ,2020-06-27 04:52:09,33.34,44.4,87.8,27,0,9.17
411,Nyagan,RU,2020-06-27 04:52:09,62.14,65.39,52.56,54,62,4.23
412,Makokou,GA,2020-06-27 04:52:09,0.57,12.86,67.3,97,78,2.46
413,Atambua,ID,2020-06-27 04:49:06,-9.11,124.89,81.99,54,90,1.81
414,Atar,MR,2020-06-27 04:52:09,20.52,-13.05,90.79,25,0,4.43
415,Lufilufi,WS,2020-06-27 04:52:09,-13.87,-171.6,86.0,89,100,5.99
416,Emba,KZ,2020-06-27 04:52:10,48.83,58.14,61.75,42,0,16.26
417,Anadyr,RU,2020-06-27 04:52:10,64.75,177.48,44.6,48,40,20.13
418,Sibolga,ID,2020-06-27 04:48:33,1.74,98.78,87.01,55,86,4.63
419,Gisborne,NZ,2020-06-27 04:52:10,-38.65,178.0,61.0,73,100,4.0
420,Touros,BR,2020-06-27 04:52:10,-5.2,-35.46,73.4,94,75,3.36
421,Svetlyy,RU,2020-06-27 04:52:10,54.67,20.13,66.2,82,31,6.71
422,Ulaangom,MN,2020-06-27 04:52:10,49.98,92.07,74.39,36,0,9.6
423,Ossora,RU,2020-06-27 04:52:10,59.24,163.07,64.09,58,31,5.75
424,Harper,LR,2020-06-27 04:52:10,4.38,-7.72,74.68,89,100,8.5
425,Bonavista,CA,2020-06-27 04:52:10,48.65,-53.11,55.35,93,58,3.89
426,Teeli,RU,2020-06-27 04:52:11,51.03,90.23,72.39,44,2,4.41
427,Gander,CA,2020-06-27 04:52:11,48.97,-54.59,62.6,93,90,5.82
428,Saint-Pierre,RE,2020-06-27 04:52:11,-21.34,55.48,73.0,64,0,5.82
429,Innisfail,AU,2020-06-27 04:52:11,-17.53,146.03,71.67,69,65,8.88
430,Guanhaes,BR,2020-06-27 04:52:03,-18.77,-42.93,55.83,93,70,1.07
431,Nanortalik,GL,2020-06-27 04:52:02,60.14,-45.24,39.67,90,99,2.04
432,Tierranueva,MX,2020-06-27 04:52:11,21.68,-100.57,64.33,82,91,6.02
433,Mitsamiouli,KM,2020-06-27 04:52:11,-11.38,43.28,78.31,68,1,4.97
434,Aquiraz,BR,2020-06-27 04:52:11,-3.9,-38.39,78.8,83,75,4.7
435,Taltal,CL,2020-06-27 04:52:11,-25.4,-70.48,56.52,69,0,4.25
436,Puerto Carreno,CO,2020-06-27 04:52:11,6.19,-67.49,75.94,90,69,6.2
437,Nishihara,JP,2020-06-27 04:52:11,26.18,127.76,87.8,79,75,13.87
438,Diveyevo,RU,2020-06-27 04:52:11,55.04,43.24,69.82,70,1,13.33
439,Syamzha,RU,2020-06-27 04:52:11,60.02,41.06,60.87,89,100,7.92
440,Pedasi,PA,2020-06-27 04:52:12,7.53,-80.03,79.3,81,96,4.94
441,Victoria,HK,2020-06-27 04:49:42,22.29,114.16,91.0,67,51,5.01
442,Cururupu,BR,2020-06-27 04:52:12,-1.83,-44.87,73.0,95,31,1.48
443,Cayenne,GF,2020-06-27 04:52:12,4.93,-52.33,75.2,100,40,7.56
444,Kulhudhuffushi,MV,2020-06-27 04:52:12,6.62,73.07,83.17,74,100,15.77
445,Buala,SB,2020-06-27 04:52:12,-8.14,159.59,83.97,75,81,9.24
446,Broken Hill,AU,2020-06-27 04:49:40,-31.95,141.43,55.4,37,90,12.75
447,La Ronge,CA,2020-06-27 04:52:12,55.1,-105.28,64.4,68,75,4.97
448,Ranghulu,CN,2020-06-27 04:52:12,46.65,124.87,74.16,62,99,4.5
449,Westport,US,2020-06-27 04:51:05,41.14,-73.36,71.6,78,1,4.7
450,Minas,UY,2020-06-27 04:52:12,-34.38,-55.24,42.01,93,40,3.36
451,Matagami,CA,2020-06-27 04:52:12,49.75,-77.63,55.4,93,20,3.36
452,Bilibino,RU,2020-06-27 04:52:12,68.05,166.44,41.2,58,100,14.94
453,Bartica,GY,2020-06-27 04:52:12,6.4,-58.62,75.2,100,20,4.7
454,Omboue,GA,2020-06-27 04:52:13,-1.57,9.26,70.3,89,30,6.13
455,Bandarbeyla,SO,2020-06-27 04:52:13,9.49,50.81,85.05,57,100,29.24
456,Altay,CN,2020-06-27 04:52:13,47.87,88.12,79.92,22,19,7.65
457,Qom,IR,2020-06-27 04:52:13,34.64,50.88,76.05,41,0,4.68
458,Musile Di Piave,IT,2020-06-27 04:52:13,45.62,12.56,70.0,88,20,5.82
459,Powell River,CA,2020-06-27 04:52:13,49.85,-124.54,62.6,82,75,3.36
460,Te Anau,NZ,2020-06-27 04:52:13,-45.42,167.72,45.32,83,91,1.59
461,Celestun,MX,2020-06-27 04:52:13,20.87,-90.4,81.93,75,38,9.73
462,Peace River,CA,2020-06-27 04:52:13,56.25,-117.29,60.8,59,75,1.45
463,Orlandia,BR,2020-06-27 04:52:13,-20.72,-47.89,65.41,73,25,5.44
464,Ponca City,US,2020-06-27 04:52:13,36.71,-97.09,84.2,66,1,10.29
465,Yelovo,RU,2020-06-27 04:52:13,57.05,54.92,50.16,82,100,6.91
466,Maningrida,AU,2020-06-27 04:52:14,-12.07,134.27,86.54,56,77,11.1
467,Ormara,PK,2020-06-27 04:52:14,25.21,64.64,86.59,75,20,12.33
468,Erdenet,MN,2020-06-27 04:52:14,49.03,104.08,73.96,46,98,10.56
469,Kochki,RU,2020-06-27 04:52:14,54.34,80.48,78.04,59,100,17.38
470,Venice,US,2020-06-27 04:52:14,27.1,-82.45,82.4,78,1,4.7
471,Srandakan,ID,2020-06-27 04:52:14,-7.94,110.25,83.44,68,28,13.11
472,Kabinda,CD,2020-06-27 04:52:14,-6.13,24.48,65.48,62,53,2.8
473,Uttaradit,TH,2020-06-27 04:52:14,17.67,100.5,93.0,74,20,1.12
474,Millau,FR,2020-06-27 04:52:14,44.08,2.92,62.01,93,96,2.24
475,Hervey Bay,AU,2020-06-27 04:52:14,-25.3,152.85,72.0,65,6,8.99
476,Sabang,ID,2020-06-27 04:52:15,5.89,95.32,82.71,71,35,3.51
477,Mandalgovi,MN,2020-06-27 04:52:15,45.76,106.27,80.2,22,98,14.47
478,Shahreza,IR,2020-06-27 04:52:15,32.03,51.88,79.97,21,0,7.34
479,Leshukonskoye,RU,2020-06-27 04:52:15,64.9,45.76,51.55,77,89,5.12
480,Roma,US,2020-06-27 04:47:59,43.21,-75.46,61.0,72,1,2.35
481,Isangel,VU,2020-06-27 04:52:15,-19.55,169.27,77.0,69,75,11.41
482,Leua,SK,2020-06-27 04:52:15,48.22,18.61,70.0,90,44,5.77
483,Hoquiam,US,2020-06-27 04:52:15,46.98,-123.89,60.01,87,90,10.29
484,Singkang,MY,2020-06-27 04:52:15,2.1,102.8,87.8,74,40,5.82
485,Malanje,AO,2020-06-27 04:52:15,-9.54,16.34,52.79,44,27,2.39
486,Oussouye,SN,2020-06-27 04:52:15,12.48,-16.55,82.4,83,20,2.24
487,Ypsonas,CY,2020-06-27 04:52:16,34.69,32.96,75.2,78,0,6.93
488,Slave Lake,CA,2020-06-27 04:52:16,55.28,-114.77,59.0,67,90,4.7
489,Pangnirtung,CA,2020-06-27 04:52:16,66.15,-65.71,48.18,70,50,1.88
490,San Felipe,VE,2020-06-27 04:52:16,10.34,-68.74,72.3,92,91,2.95
491,Bull Savanna,JM,2020-06-27 04:52:16,17.89,-77.59,76.6,81,98,5.08
492,Fairbanks,US,2020-06-27 04:47:52,64.84,-147.72,64.4,52,1,6.93
493,Yantal,RU,2020-06-27 04:52:16,56.85,105.25,87.46,30,0,3.47
494,Antalaha,MG,2020-06-27 04:52:07,-14.9,50.28,71.96,85,8,7.85
495,Quarai,BR,2020-06-27 04:52:15,-30.39,-56.45,43.36,74,100,7.63
496,Yar-Sale,RU,2020-06-27 04:52:16,66.83,70.83,58.95,67,72,11.59
497,Kysyl-Syr,RU,2020-06-27 04:52:16,63.9,122.76,87.37,25,3,3.13
498,Champerico,GT,2020-06-27 04:52:16,14.3,-91.92,80.64,80,14,4.61
499,Luwuk,ID,2020-06-27 04:52:17,-0.95,122.79,80.24,77,100,5.41
500,Briancon,FR,2020-06-27 04:52:17,44.9,6.65,66.99,93,1,2.04
501,Cabedelo,BR,2020-06-27 04:52:17,-6.98,-34.83,74.91,85,27,11.05
502,Mariakani,KE,2020-06-27 04:52:17,-3.86,39.47,75.2,94,75,6.93
503,Kazachinskoye,RU,2020-06-27 04:52:17,57.7,93.28,71.64,65,100,3.0
504,Murgab,TM,2020-06-27 04:52:17,37.5,61.97,75.2,33,6,9.17
505,Sao Filipe,CV,2020-06-27 04:52:17,14.9,-24.5,73.31,80,43,5.88
506,Ranong,TH,2020-06-27 04:52:17,9.97,98.63,86.0,74,40,4.7
507,Santa Maria,BR,2020-06-27 04:52:17,-29.68,-53.81,42.71,83,78,6.26
508,Okhotsk,RU,2020-06-27 04:52:17,59.38,143.3,51.96,78,62,8.77
509,Staraya Russa,RU,2020-06-27 04:52:17,57.99,31.36,70.29,70,13,4.34
510,Lahij,YE,2020-06-27 04:52:17,13.17,44.58,86.58,52,7,10.58
511,Tukrah,LY,2020-06-27 04:51:52,32.53,20.58,73.62,78,0,6.24
512,Volary,CZ,2020-06-27 04:52:17,48.91,13.89,59.0,83,78,4.0
513,Pathein,MM,2020-06-27 04:49:35,16.78,94.73,82.92,78,100,10.04
514,Ostersund,SE,2020-06-27 04:52:17,63.18,14.64,64.4,77,45,4.7
515,Haines Junction,CA,2020-06-27 04:52:18,60.75,-137.51,52.48,70,98,4.21
516,Lakeside,US,2020-06-27 04:52:18,30.13,-81.77,81.0,88,89,1.97
517,Port Augusta,AU,2020-06-27 04:52:18,-32.5,137.77,64.4,31,0,5.82
518,Axim,GH,2020-06-27 04:52:18,4.87,-2.24,75.9,89,86,9.22
519,Bauska,LV,2020-06-27 04:52:18,56.41,24.19,69.8,73,0,6.93
520,Rach Gia,VN,2020-06-27 04:52:18,10.02,105.08,85.44,72,80,13.22
521,Rigaud,CA,2020-06-27 04:52:18,45.48,-74.3,64.4,82,75,5.82
522,Baherden,TM,2020-06-27 04:52:18,38.44,57.43,82.22,17,0,5.23
523,Cairns,AU,2020-06-27 04:52:18,-16.92,145.77,78.8,54,40,14.99
524,Warrnambool,AU,2020-06-27 04:52:18,-38.38,142.48,54.0,69,84,6.55
525,Nantucket,US,2020-06-27 04:52:18,41.28,-70.1,64.4,93,1,8.05
526,Port Lincoln,AU,2020-06-27 04:52:18,-34.73,135.87,62.11,46,0,11.88
527,Valdivia,CL,2020-06-27 04:52:19,-39.81,-73.25,46.4,100,90,5.82
528,Campbeltown,GB,2020-06-27 04:52:19,55.43,-5.61,55.4,93,93,11.41
529,Hastings,GB,2020-06-27 04:52:19,50.86,0.57,63.0,86,42,5.01
530,Sindou,BF,2020-06-27 04:52:19,10.67,-5.17,74.91,89,96,9.6
531,Majagual,CO,2020-06-27 04:52:19,8.54,-74.62,76.78,97,100,2.66
532,Byron Bay,AU,2020-06-27 04:52:19,-28.65,153.62,60.8,82,75,12.75
533,Najran,SA,2020-06-27 04:52:19,17.49,44.13,86.0,23,20,6.8
534,Cumpas,MX,2020-06-27 04:52:19,29.98,-109.78,83.88,34,1,3.29
535,Iqaluit,CA,2020-06-27 04:50:49,63.75,-68.51,39.2,80,20,5.28
536,Worland,US,2020-06-27 04:52:19,44.02,-107.96,71.6,26,1,9.17
537,Sao Raimundo Das Mangabeiras,BR,2020-06-27 04:52:19,-7.02,-45.48,72.99,61,37,0.98
538,Tucumcari,US,2020-06-27 04:52:19,35.17,-103.72,80.6,32,1,5.82
539,Puerto Escondido,MX,2020-06-27 04:49:02,15.85,-97.07,81.82,79,100,6.64
540,Karachi,PK,2020-06-27 04:51:54,24.91,67.08,93.2,59,40,18.34
541,Vostok,RU,2020-06-27 04:52:20,46.49,135.88,63.3,63,100,7.18
542,Lagoa,PT,2020-06-27 04:52:20,39.05,-27.98,65.95,95,43,12.41
543,Strezhevoy,RU,2020-06-27 04:52:20,60.73,77.59,51.8,81,100,4.47
544,Baykit,RU,2020-06-27 04:52:20,61.67,96.37,84.49,25,0,4.52
545,Hohhot,CN,2020-06-27 04:52:20,40.81,111.65,86.0,22,20,6.71
546,Yamada,JP,2020-06-27 04:52:20,39.47,141.95,76.39,62,100,6.67
547,Makinsk,KZ,2020-06-27 04:52:20,52.63,70.42,55.31,73,95,14.63
548,Honiara,SB,2020-06-27 04:52:20,-9.43,159.95,91.4,55,20,13.87
549,Antofagasta,CL,2020-06-27 04:51:58,-23.65,-70.4,55.4,82,75,4.7
550,Kanye,BW,2020-06-27 04:52:20,-24.97,25.33,38.8,73,0,2.84
551,Boyolangu,ID,2020-06-27 04:52:20,-8.12,111.89,80.55,74,57,9.26
552,Doha,QA,2020-06-27 04:51:01,25.29,51.53,100.0,34,76,10.29
553,Lubumbashi,CD,2020-06-27 04:52:20,-11.66,27.48,55.65,83,63,4.38
554,Huarmey,PE,2020-06-27 04:52:20,-10.07,-78.15,61.32,87,46,6.4
555,Chunoyar,RU,2020-06-27 04:52:21,57.45,97.32,85.6,34,40,6.08
556,Phetchaburi,TH,2020-06-27 04:52:21,12.97,99.58,87.8,62,20,6.93
557,Noumea,NC,2020-06-27 04:52:21,-22.28,166.46,75.2,57,3,11.41
558,Bocaiuva,BR,2020-06-27 04:52:21,-17.11,-43.81,59.85,73,71,3.91
559,Bubaque,GW,2020-06-27 04:52:21,11.28,-15.83,81.1,81,37,8.7
560,Zhezkazgan,KZ,2020-06-27 04:52:21,47.8,67.71,55.4,71,75,20.13
561,Carmen,MX,2020-06-27 04:48:06,18.63,-91.83,82.87,77,77,16.22
562,Tuatapere,NZ,2020-06-27 04:52:21,-46.13,167.68,39.0,83,88,3.0
563,Mount Gambier,AU,2020-06-27 04:52:21,-37.83,140.77,57.2,67,90,10.29
564,Monrovia,LR,2020-06-27 04:52:21,6.3,-10.8,77.0,94,75,7.11
565,Karatau,KZ,2020-06-27 04:52:21,43.17,70.47,70.93,32,0,27.83
566,Likasi,CD,2020-06-27 04:52:21,-10.98,26.73,55.17,78,20,3.67
567,Ashland,US,2020-06-27 04:47:42,40.82,-82.27,73.4,88,1,13.87
568,Yumen,CN,2020-06-27 04:52:22,40.28,97.2,73.78,34,48,21.05
569,Olden,NO,2020-06-27 04:52:22,61.84,6.81,64.4,77,0,13.87
570,Gigmoto,PH,2020-06-27 04:52:12,13.78,124.39,86.14,71,99,6.13
571,Aktau,KZ,2020-06-27 04:52:22,43.65,51.2,73.4,38,0,8.95
572,Basco,PH,2020-06-27 04:52:22,20.45,121.97,85.26,81,93,16.6
573,Lewiston,US,2020-06-27 04:52:22,44.1,-70.21,64.4,88,90,3.15
574,Guatire,VE,2020-06-27 04:52:22,10.48,-66.54,80.6,83,75,3.36
575,Kamina,CD,2020-06-27 04:52:22,-8.74,24.99,59.99,59,96,2.91
576,Rocha,UY,2020-06-27 04:47:26,-34.48,-54.33,42.04,77,96,5.84
